Workbook

Sheet Checklist
A1: Player | B1: Team | C1: Set | D1: Set Prefix | E1: Code | F1: Base serial (text) | G1: Parallels (text) | H1: Base serial (number) | I1: Print /99 | J1: Print /50 | K1: Print /25 | L1: Print /10 | M1: Print /5 | N1: Print 1/1 | O1: Total print for this checklist line
A2: Alessandro Costacurta | B2: AC Milan | C2: Autograph Dual Relics | D2: ADRL | E2: ADRL-AC | F2: /10 | G2: Black /5; Gold 1/1 | H2: =IF(C2="Dynasty Autographs",Calculator!$E$4,IF(C2="Debut Day Inscriptions",Calculator!$E$5,IFERROR(VALUE(SUBSTITUTE(F2,"/","")),0))) -> 10 | I2: =IF(H2=99,99,IF(ISNUMBER(SEARCH("/99",G2)),99,0)) -> 0 | J2: =IF(H2=50,50,IF(ISNUMBER(SEARCH("/50",G2)),50,0)) -> 0 | K2: =IF(H2=25,25,IF(ISNUMBER(SEARCH("/25",G2)),25,0)) -> 0 | L2: =IF(H2=10,10,IF(ISNUMBER(SEARCH("/10",G2)),10,0)) -> 10 | M2: =IF(H2=5,5,IF(ISNUMBER(SEARCH("/5",G2)),5,0)) -> 5 | N2: =IF(H2=1,1,IF(ISNUMBER(SEARCH("1/1",G2)),1,0)) -> 1 | O2: =SUM(I2:N2) -> 16
A3: Alessandro Del Piero | B3: Juventus | C3: Autograph Dual Relics | D3: ADRL | E3: ADRL-AD | F3: /10 | G3: Black /5; Gold 1/1 | H3: =IF(C3="Dynasty Autographs",Calculator!$E$4,IF(C3="Debut Day Inscriptions",Calculator!$E$5,IFERROR(VALUE(SUBSTITUTE(F3,"/","")),0))) -> 10 | I3: =IF(H3=99,99,IF(ISNUMBER(SEARCH("/99",G3)),99,0)) -> 0 | J3: =IF(H3=50,50,IF(ISNUMBER(SEARCH("/50",G3)),50,0)) -> 0 | K3: =IF(H3=25,25,IF(ISNUMBER(SEARCH("/25",G3)),25,0)) -> 0 | L3: =IF(H3=10,10,IF(ISNUMBER(SEARCH("/10",G3)),10,0)) -> 10 | M3: =IF(H3=5,5,IF(ISNUMBER(SEARCH("/5",G3)),5,0)) -> 5 | N3: =IF(H3=1,1,IF(ISNUMBER(SEARCH("1/1",G3)),1,0)) -> 1 | O3: =SUM(I3:N3) -> 16
A4: Bastian Schweinsteiger | B4: FC Bayern München | C4: Autograph Dual Relics | D4: ADRL | E4: ADRL-BS | F4: /10 | G4: Black /5; Gold 1/1 | H4: =IF(C4="Dynasty Autographs",Calculator!$E$4,IF(C4="Debut Day Inscriptions",Calculator!$E$5,IFERROR(VALUE(SUBSTITUTE(F4,"/","")),0))) -> 10 | I4: =IF(H4=99,99,IF(ISNUMBER(SEARCH("/99",G4)),99,0)) -> 0 | J4: =IF(H4=50,50,IF(ISNUMBER(SEARCH("/50",G4)),50,0)) -> 0 | K4: =IF(H4=25,25,IF(ISNUMBER(SEARCH("/25",G4)),25,0)) -> 0 | L4: =IF(H4=10,10,IF(ISNUMBER(SEARCH("/10",G4)),10,0)) -> 10 | M4: =IF(H4=5,5,IF(ISNUMBER(SEARCH("/5",G4)),5,0)) -> 5 | N4: =IF(H4=1,1,IF(ISNUMBER(SEARCH("1/1",G4)),1,0)) -> 1 | O4: =SUM(I4:N4) -> 16
A5: Gianluigi Buffon | B5: Juventus | C5: Autograph Dual Relics | D5: ADRL | E5: ADRL-BU | F5: /10 | G5: Black /5; Gold 1/1 | H5: =IF(C5="Dynasty Autographs",Calculator!$E$4,IF(C5="Debut Day Inscriptions",Calculator!$E$5,IFERROR(VALUE(SUBSTITUTE(F5,"/","")),0))) -> 10 | I5: =IF(H5=99,99,IF(ISNUMBER(SEARCH("/99",G5)),99,0)) -> 0 | J5: =IF(H5=50,50,IF(ISNUMBER(SEARCH("/50",G5)),50,0)) -> 0 | K5: =IF(H5=25,25,IF(ISNUMBER(SEARCH("/25",G5)),25,0)) -> 0 | L5: =IF(H5=10,10,IF(ISNUMBER(SEARCH("/10",G5)),10,0)) -> 10 | M5: =IF(H5=5,5,IF(ISNUMBER(SEARCH("/5",G5)),5,0)) -> 5 | N5: =IF(H5=1,1,IF(ISNUMBER(SEARCH("1/1",G5)),1,0)) -> 1 | O5: =SUM(I5:N5) -> 16
A6: Dida | B6: AC Milan | C6: Autograph Dual Relics | D6: ADRL | E6: ADRL-D | F6: /10 | G6: Black /5; Gold 1/1 | H6: =IF(C6="Dynasty Autographs",Calculator!$E$4,IF(C6="Debut Day Inscriptions",Calculator!$E$5,IFERROR(VALUE(SUBSTITUTE(F6,"/","")),0))) -> 10 | I6: =IF(H6=99,99,IF(ISNUMBER(SEARCH("/99",G6)),99,0)) -> 0 | J6: =IF(H6=50,50,IF(ISNUMBER(SEARCH("/50",G6)),50,0)) -> 0 | K6: =IF(H6=25,25,IF(ISNUMBER(SEARCH("/25",G6)),25,0)) -> 0 | L6: =IF(H6=10,10,IF(ISNUMBER(SEARCH("/10",G6)),10,0)) -> 10 | M6: =IF(H6=5,5,IF(ISNUMBER(SEARCH("/5",G6)),5,0)) -> 5 | N6: =IF(H6=1,1,IF(ISNUMBER(SEARCH("1/1",G6)),1,0)) -> 1 | O6: =SUM(I6:N6) -> 16
A7: Dennis Bergkamp | B7: Arsenal | C7: Autograph Dual Relics | D7: ADRL | E7: ADRL-DB | F7: /10 | G7: Black /5; Gold 1/1 | H7: =IF(C7="Dynasty Autographs",Calculator!$E$4,IF(C7="Debut Day Inscriptions",Calculator!$E$5,IFERROR(VALUE(SUBSTITUTE(F7,"/","")),0))) -> 10 | I7: =IF(H7=99,99,IF(ISNUMBER(SEARCH("/99",G7)),99,0)) -> 0 | J7: =IF(H7=50,50,IF(ISNUMBER(SEARCH("/50",G7)),50,0)) -> 0 | K7: =IF(H7=25,25,IF(ISNUMBER(SEARCH("/25",G7)),25,0)) -> 0 | L7: =IF(H7=10,10,IF(ISNUMBER(SEARCH("/10",G7)),10,0)) -> 10 | M7: =IF(H7=5,5,IF(ISNUMBER(SEARCH("/5",G7)),5,0)) -> 5 | N7: =IF(H7=1,1,IF(ISNUMBER(SEARCH("1/1",G7)),1,0)) -> 1 | O7: =SUM(I7:N7) -> 16
A8: Deco | B8: Chelsea FC | C8: Autograph Dual Relics | D8: ADRL | E8: ADRL-DE | F8: /10 | G8: Black /5; Gold 1/1 | H8: =IF(C8="Dynasty Autographs",Calculator!$E$4,IF(C8="Debut Day Inscriptions",Calculator!$E$5,IFERROR(VALUE(SUBSTITUTE(F8,"/","")),0))) -> 10 | I8: =IF(H8=99,99,IF(ISNUMBER(SEARCH("/99",G8)),99,0)) -> 0 | J8: =IF(H8=50,50,IF(ISNUMBER(SEARCH("/50",G8)),50,0)) -> 0 | K8: =IF(H8=25,25,IF(ISNUMBER(SEARCH("/25",G8)),25,0)) -> 0 | L8: =IF(H8=10,10,IF(ISNUMBER(SEARCH("/10",G8)),10,0)) -> 10 | M8: =IF(H8=5,5,IF(ISNUMBER(SEARCH("/5",G8)),5,0)) -> 5 | N8: =IF(H8=1,1,IF(ISNUMBER(SEARCH("1/1",G8)),1,0)) -> 1 | O8: =SUM(I8:N8) -> 16
A9: Paul Gascoigne | B9: Rangers FC | C9: Autograph Dual Relics | D9: ADRL | E9: ADRL-GA | F9: /10 | G9: Black /5; Gold 1/1 | H9: =IF(C9="Dynasty Autographs",Calculator!$E$4,IF(C9="Debut Day Inscriptions",Calculator!$E$5,IFERROR(VALUE(SUBSTITUTE(F9,"/","")),0))) -> 10 | I9: =IF(H9=99,99,IF(ISNUMBER(SEARCH("/99",G9)),99,0)) -> 0 | J9: =IF(H9=50,50,IF(ISNUMBER(SEARCH("/50",G9)),50,0)) -> 0 | K9: =IF(H9=25,25,IF(ISNUMBER(SEARCH("/25",G9)),25,0)) -> 0 | L9: =IF(H9=10,10,IF(ISNUMBER(SEARCH("/10",G9)),10,0)) -> 10 | M9: =IF(H9=5,5,IF(ISNUMBER(SEARCH("/5",G9)),5,0)) -> 5 | N9: =IF(H9=1,1,IF(ISNUMBER(SEARCH("1/1",G9)),1,0)) -> 1 | O9: =SUM(I9:N9) -> 16
A10: Gareth Bale | B10: Real Madrid C.F. | C10: Autograph Dual Relics | D10: ADRL | E10: ADRL-GB | F10: /10 | G10: Black /5; Gold 1/1 | H10: =IF(C10="Dynasty Autographs",Calculator!$E$4,IF(C10="Debut Day Inscriptions",Calculator!$E$5,IFERROR(VALUE(SUBSTITUTE(F10,"/","")),0))) -> 10 | I10: =IF(H10=99,99,IF(ISNUMBER(SEARCH("/99",G10)),99,0)) -> 0 | J10: =IF(H10=50,50,IF(ISNUMBER(SEARCH("/50",G10)),50,0)) -> 0 | K10: =IF(H10=25,25,IF(ISNUMBER(SEARCH("/25",G10)),25,0)) -> 0 | L10: =IF(H10=10,10,IF(ISNUMBER(SEARCH("/10",G10)),10,0)) -> 10 | M10: =IF(H10=5,5,IF(ISNUMBER(SEARCH("/5",G10)),5,0)) -> 5 | N10: =IF(H10=1,1,IF(ISNUMBER(SEARCH("1/1",G10)),1,0)) -> 1 | O10: =SUM(I10:N10) -> 16
A11: Giorgio Chiellini | B11: Juventus | C11: Autograph Dual Relics | D11: ADRL | E11: ADRL-GC | F11: /10 | G11: Black /5; Gold 1/1 | H11: =IF(C11="Dynasty Autographs",Calculator!$E$4,IF(C11="Debut Day Inscriptions",Calculator!$E$5,IFERROR(VALUE(SUBSTITUTE(F11,"/","")),0))) -> 10 | I11: =IF(H11=99,99,IF(ISNUMBER(SEARCH("/99",G11)),99,0)) -> 0 | J11: =IF(H11=50,50,IF(ISNUMBER(SEARCH("/50",G11)),50,0)) -> 0 | K11: =IF(H11=25,25,IF(ISNUMBER(SEARCH("/25",G11)),25,0)) -> 0 | L11: =IF(H11=10,10,IF(ISNUMBER(SEARCH("/10",G11)),10,0)) -> 10 | M11: =IF(H11=5,5,IF(ISNUMBER(SEARCH("/5",G11)),5,0)) -> 5 | N11: =IF(H11=1,1,IF(ISNUMBER(SEARCH("1/1",G11)),1,0)) -> 1 | O11: =SUM(I11:N11) -> 16
A12: Kenny Dalglish | B12: Liverpool FC | C12: Autograph Dual Relics | D12: ADRL | E12: ADRL-KD | F12: /10 | G12: Black /5; Gold 1/1 | H12: =IF(C12="Dynasty Autographs",Calculator!$E$4,IF(C12="Debut Day Inscriptions",Calculator!$E$5,IFERROR(VALUE(SUBSTITUTE(F12,"/","")),0))) -> 10 | I12: =IF(H12=99,99,IF(ISNUMBER(SEARCH("/99",G12)),99,0)) -> 0 | J12: =IF(H12=50,50,IF(ISNUMBER(SEARCH("/50",G12)),50,0)) -> 0 | K12: =IF(H12=25,25,IF(ISNUMBER(SEARCH("/25",G12)),25,0)) -> 0 | L12: =IF(H12=10,10,IF(ISNUMBER(SEARCH("/10",G12)),10,0)) -> 10 | M12: =IF(H12=5,5,IF(ISNUMBER(SEARCH("/5",G12)),5,0)) -> 5 | N12: =IF(H12=1,1,IF(ISNUMBER(SEARCH("1/1",G12)),1,0)) -> 1 | O12: =SUM(I12:N12) -> 16
A13: Kevin Keegan | B13: Liverpool FC | C13: Autograph Dual Relics | D13: ADRL | E13: ADRL-KK | F13: /10 | G13: Black /5; Gold 1/1 | H13: =IF(C13="Dynasty Autographs",Calculator!$E$4,IF(C13="Debut Day Inscriptions",Calculator!$E$5,IFERROR(VALUE(SUBSTITUTE(F13,"/","")),0))) -> 10 | I13: =IF(H13=99,99,IF(ISNUMBER(SEARCH("/99",G13)),99,0)) -> 0 | J13: =IF(H13=50,50,IF(ISNUMBER(SEARCH("/50",G13)),50,0)) -> 0 | K13: =IF(H13=25,25,IF(ISNUMBER(SEARCH("/25",G13)),25,0)) -> 0 | L13: =IF(H13=10,10,IF(ISNUMBER(SEARCH("/10",G13)),10,0)) -> 10 | M13: =IF(H13=5,5,IF(ISNUMBER(SEARCH("/5",G13)),5,0)) -> 5 | N13: =IF(H13=1,1,IF(ISNUMBER(SEARCH("1/1",G13)),1,0)) -> 1 | O13: =SUM(I13:N13) -> 16
... A525: Virgil van Dijk | B525: Liverpool FC | C525: Jumbo Club Crest Autographs | D525: CAV | E525: CAV-VV | F525: /1 | G525: Gold 1/1 | H525: =IF(C525="Dynasty Autographs",Calculator!$E$4,IF(C525="Debut Day Inscriptions",Calculator!$E$5,IFERROR(VALUE(SUBSTITUTE(F525,"/","")),0))) -> 1 | I525: =IF(H525=99,99,IF(ISNUMBER(SEARCH("/99",G525)),99,0)) -> 0 | J525: =IF(H525=50,50,IF(ISNUMBER(SEARCH("/50",G525)),50,0)) -> 0 | K525: =IF(H525=25,25,IF(ISNUMBER(SEARCH("/25",G525)),25,0)) -> 0 | L525: =IF(H525=10,10,IF(ISNUMBER(SEARCH("/10",G525)),10,0)) -> 0 | M525: =IF(H525=5,5,IF(ISNUMBER(SEARCH("/5",G525)),5,0)) -> 0 | N525: =IF(H525=1,1,IF(ISNUMBER(SEARCH("1/1",G525)),1,0)) -> 1 | O525: =SUM(I525:N525) -> 1
A526: Lamine Yamal | B526: FC Barcelona | C526: Marks of Excellence | D526: EX | E526: EX-LY3 | F526: /99 | G526: /1, /5, /10, /25, /50, /99 | H526: =IF(C526="Dynasty Autographs",Calculator!$E$4,IF(C526="Debut Day Inscriptions",Calculator!$E$5,IFERROR(VALUE(SUBSTITUTE(F526,"/","")),0))) -> 99 | I526: =IF(H526=99,99,IF(ISNUMBER(SEARCH("/99",G526)),99,0)) -> 99 | J526: =IF(H526=50,50,IF(ISNUMBER(SEARCH("/50",G526)),50,0)) -> 50 | K526: =IF(H526=25,25,IF(ISNUMBER(SEARCH("/25",G526)),25,0)) -> 25 | L526: =IF(H526=10,10,IF(ISNUMBER(SEARCH("/10",G526)),10,0)) -> 10 | M526: =IF(H526=5,5,IF(ISNUMBER(SEARCH("/5",G526)),5,0)) -> 5 | N526: 1 | O526: =SUM(I526:N526) -> 190
A527: Lamine Yamal | B527: FC Barcelona | C527: Marks of Excellence | D527: EX | E527: EX-LY7 | F527: /99 | G527: /1, /5, /10, /25, /50, /99 | H527: =IF(C527="Dynasty Autographs",Calculator!$E$4,IF(C527="Debut Day Inscriptions",Calculator!$E$5,IFERROR(VALUE(SUBSTITUTE(F527,"/","")),0))) -> 99 | I527: =IF(H527=99,99,IF(ISNUMBER(SEARCH("/99",G527)),99,0)) -> 99 | J527: =IF(H527=50,50,IF(ISNUMBER(SEARCH("/50",G527)),50,0)) -> 50 | K527: =IF(H527=25,25,IF(ISNUMBER(SEARCH("/25",G527)),25,0)) -> 25 | L527: =IF(H527=10,10,IF(ISNUMBER(SEARCH("/10",G527)),10,0)) -> 10 | M527: =IF(H527=5,5,IF(ISNUMBER(SEARCH("/5",G527)),5,0)) -> 5 | N527: 1 | O527: =SUM(I527:N527) -> 190

Sheet Calculator
A1: NEK_Vault Dynasty Break Calculator
A2: Type or pick Player and Team. Leave Team blank to calculate across all teams.
A3: Inputs | D3: Assumptions (only used when checklist does not state a base serial)
A4: Player | B4: Lionel Messi | D4: Dynasty Autographs base serial | E4: 10
A5: Team | D5: Debut Day Inscriptions base serial | E5: 10
A6: Cards per box (hits) | B6: 1
A7: Boxes opened | B7: 5
A8: Boxes per case | B8: 5
A10: Outputs
A11: Matching checklist lines | B11: =IF(B5="",COUNTIFS(Checklist!$A:$A,B4),COUNTIFS(Checklist!$A:$A,B4,Checklist!$B:$B,B5)) -> 9 | C11: # of distinct checklist rows that match your Player (+ Team if selected).
A12: Total cards of this Player/Team in the product (print-run) | B12: =IF(B5="",SUMIFS(Checklist!$O:$O,Checklist!$A:$A,B4),SUMIFS(Checklist!$O:$O,Checklist!$A:$A,B4,Checklist!$B:$B,B5)) -> 129 | C12: Estimated total number printed for the Player/Team across all variations and all matching checklist lines.
A13: Odds per hit (1 card pulled) | B13: =IFERROR(B12/B17,0) -> 0.015918065 | C13: Probability that a single hit is your Player/Team, based on print-run share of the product.
A14: Odds per box (at least one hit) | B14: =IFERROR(1-POWER(1-B13,B6),0) -> 0.015918065 | C14: Probability you hit the Player/Team at least once in a box, given Cards per box.
A15: Odds in your opened boxes (at least one hit) | B15: =IFERROR(1-POWER(1-B13,B6*B7),0) -> 0.077096492 | C15: Probability you hit the Player/Team at least once across Boxes opened.
A16: Odds per case (at least one hit) | B16: =IFERROR(1-POWER(1-B13,B6*B8),0) -> 0.077096492 | C16: Probability you hit the Player/Team at least once in one full case.
A17: Product total print-run (all cards) | B17: =SUM(Checklist!$O:$O) -> 8104 | C17: Estimated total number of cards printed in the entire product (used as denominator).
A19: Variation breakdown for selected Player/Team
A20: Variation | B20: Estimated print-run | C20: Odds per hit | D20: Odds per box | E20: Odds in opened boxes | F20: What this means
A21: /99 | B21: =IF(B5="",SUMIFS(Checklist!$I:$I,Checklist!$A:$A,B4),SUMIFS(Checklist!$I:$I,Checklist!$A:$A,B4,Checklist!$B:$B,B5)) -> 0 | C21: =IFERROR(B21/$B$17,0) -> 0 | D21: =IFERROR(1-POWER(1-C21,B6),0) -> 0 | E21: =IFERROR(1-POWER(1-C21,B6*B7),0) -> 0 | F21: Chance of pulling the /99 version of the selected Player/Team.
A22: /50 | B22: =IF(B5="",SUMIFS(Checklist!$J:$J,Checklist!$A:$A,B4),SUMIFS(Checklist!$J:$J,Checklist!$A:$A,B4,Checklist!$B:$B,B5)) -> 0 | C22: =IFERROR(B22/$B$17,0) -> 0 | D22: =IFERROR(1-POWER(1-C22,B6),0) -> 0 | E22: =IFERROR(1-POWER(1-C22,B6*B7),0) -> 0 | F22: Chance of pulling the /50 version of the selected Player/Team.
A23: /25 | B23: =IF(B5="",SUMIFS(Checklist!$K:$K,Checklist!$A:$A,B4),SUMIFS(Checklist!$K:$K,Checklist!$A:$A,B4,Checklist!$B:$B,B5)) -> 0 | C23: =IFERROR(B23/$B$17,0) -> 0 | D23: =IFERROR(1-POWER(1-C23,B6),0) -> 0 | E23: =IFERROR(1-POWER(1-C23,B6*B7),0) -> 0 | F23: Chance of pulling the /25 version of the selected Player/Team.
A24: /10 | B24: =IF(B5="",SUMIFS(Checklist!$L:$L,Checklist!$A:$A,B4),SUMIFS(Checklist!$L:$L,Checklist!$A:$A,B4,Checklist!$B:$B,B5)) -> 80 | C24: =IFERROR(B24/$B$17,0) -> 0.0098716683 | D24: =IFERROR(1-POWER(1-C24,B6),0) -> 0.0098716683 | E24: =IFERROR(1-POWER(1-C24,B6*B7),0) -> 0.048393416 | F24: Chance of pulling the /10 version of the selected Player/Team.
A25: /5 | B25: =IF(B5="",SUMIFS(Checklist!$M:$M,Checklist!$A:$A,B4),SUMIFS(Checklist!$M:$M,Checklist!$A:$A,B4,Checklist!$B:$B,B5)) -> 40 | C25: =IFERROR(B25/$B$17,0) -> 0.0049358342 | D25: =IFERROR(1-POWER(1-C25,B6),0) -> 0.0049358342 | E25: =IFERROR(1-POWER(1-C25,B6*B7),0) -> 0.024436746 | F25: Chance of pulling the /5 version of the selected Player/Team.
A26: 1/1 | B26: 1 | C26: =IFERROR(B26/$B$17,0) -> 0.00012339585 | D26: =IFERROR(1-POWER(1-C26,B6),0) -> 0.00012339585 | E26: =IFERROR(1-POWER(1-C26,B6*B7),0) -> 0.00061682702 | F26: Chance of pulling the 1/1 version of the selected Player/Team.

Sheet Lists
A1: Ada Hegerberg | B1: AC Milan
A2: Aitana Bonmatí | B2: AC Milan/Celtic FC/FC Barcelona
A3: Alejandro Garnacho | B3: AS Roma
A4: Alessandro Costacurta | B4: Arsenal
A5: Alessandro Del Piero | B5: Atlético de Madrid
A6: Alexia Putellas | B6: Borussia Dortmund
A7: Alphonso Davies | B7: Celtic FC
A8: Andrea Pirlo | B8: Chelsea FC
A9: Andriy Shevchenko | B9: Chelsea FC/FC Internazionale Milano/Real Madrid C.F.
A10: Andrés Iniesta | B10: FC Barcelona
A11: Antoine Griezmann | B11: FC Bayern München
A12: Bastian Schweinsteiger | B12: FC Internazionale Milano
... A26: Dušan Vlahović | B26: Tottenham Hotspur
A27: Eden Hazard
A28: Edgar Davids
A29: Eduardo Camavinga
A30: Endrick
A31: Erling Haaland
A32: Erling Haaland / Phil Foden
A33: Ethan Nwaneri
A34: Fabio Cannavaro
A35: Fernando Morientes
A36: Fernando Torres
A37: Filippo Inzaghi
A38: Francesco Totti
... A120: Ángel Di María
